{"Fid":"cPFLvrMFSW6W6RKUGzmyp7","Status":3,"RefreshToken":"3_AS3qfwItx5yhoGoEQkf1QlYmq0ODSMpXTwc1epBKPLOG9QJJovRHFA1hbapv4amaZKLUZvNqlfk1Zy3OpmZxQ1YLa0wW0uzFh4zrQGBwjf-5bOQ","AuthToken":"eyJhbGciOiJFUzI1NiIsInR5cCI6IkpXVCJ9.eyJhcHBJZCI6IjE6MzY3MjY5MDA4OTg2OmFuZHJvaWQ6NzliMWNhNTQ5NTQxMTEyNCIsImV4cCI6MTc2MTY2NzYwOSwiZmlkIjoiY1BGTHZyTUZTVzZXNlJLVUd6bXlwNyIsInByb2plY3ROdW1iZXIiOjM2NzI2OTAwODk4Nn0.AB2LPV8wRQIgXFZaAi9D_T31NDEw_EV5KJEWdpM9cW6YUXrVug5OKCkCIQDLAHsiOvNLZkEhTJlPuPUcwkT9clcyXOQsHMZA936HhQ","TokenCreationEpochInSecs":1761062809,"ExpiresInSecs":604800}