{"Fid":"ecc1RpGJTuK1irfdU610fg","Status":3,"RefreshToken":"3_AS3qfwKa78rCKf5aarxRU5JYSJwBZymknbt23FCCGeGzoQDKZD5s22H__vMYn66k2AdDtU6uTbu_dYhtaZhooXsD1VcvrIL4uUxypUbPazqYobU","AuthToken":"eyJhbGciOiJFUzI1NiIsInR5cCI6IkpXVCJ9.eyJhcHBJZCI6IjE6MzY3MjY5MDA4OTg2OmFuZHJvaWQ6NzliMWNhNTQ5NTQxMTEyNCIsImV4cCI6MTc2MjAxNzU1MywiZmlkIjoiZWNjMVJwR0pUdUsxaXJmZFU2MTBmZyIsInByb2plY3ROdW1iZXIiOjM2NzI2OTAwODk4Nn0.AB2LPV8wRQIgNdQqE4yOHP65iUma2TCAEeCRyfSj_RKAWOl3K5zLmx8CIQCtzLk6TSCKuX6Xa3XQbBLAwrZbwdhQJG1YlddB0DtsiQ","TokenCreationEpochInSecs":1761412753,"ExpiresInSecs":604800}