{"Fid":"cuYwaDRsQLOYVDpqKRh1kl","Status":3,"RefreshToken":"3_AS3qfwIJeTZQBo4fclvobm4iMXJknFqz7s27R3G647kHlyl4T2y8vdfwPTtZvS_TuanmRxunjrLCmOdjdKGsgkeL9B7-qtb5o57KhIlLJZFd2bQ","AuthToken":"eyJhbGciOiJFUzI1NiIsInR5cCI6IkpXVCJ9.eyJhcHBJZCI6IjE6MzY3MjY5MDA4OTg2OmFuZHJvaWQ6NzliMWNhNTQ5NTQxMTEyNCIsImV4cCI6MTc2MTc1NDI0MSwiZmlkIjoiY3VZd2FEUnNRTE9ZVkRwcUtSaDFrbCIsInByb2plY3ROdW1iZXIiOjM2NzI2OTAwODk4Nn0.AB2LPV8wRQIhAOixgtpDWoVFiy22jid76pzKyWHp02Ydp4dLCMoqwR2JAiB7AuLwfGUc5DAF4BK_HtpsR6vfnlW9EwtG-Rwu5UzfPw","TokenCreationEpochInSecs":1761149441,"ExpiresInSecs":604800}